FAC,FileHospitalName,DateModified,DocumentHospitalName,StrategicPlanDate,LevelsCount,HierarchyMethod,L1Objective,L2Objective,L3Objective
592,NAPANEE_LENNOX_ADDINGTON,2025-12-02,Lennox and Addington County General Hospital (LACGH),2025-2028,2,2-analytic (proximity; commitments and priority objectives listed separately),Exceptional Care,"Reduce wait times for patients, especially for Emergency Department and Diagnostic Imaging services.",nf
592,NAPANEE_LENNOX_ADDINGTON,2025-12-02,Lennox and Addington County General Hospital (LACGH),2025-2028,2,2-analytic (proximity; commitments and priority objectives listed separately),Exceptional Care,Advocate for more acute care and surgical services to provide immediate and comprehensive care for a variety of medical emergencies and illnesses that cannot be managed by primary or community care.,nf
592,NAPANEE_LENNOX_ADDINGTON,2025-12-02,Lennox and Addington County General Hospital (LACGH),2025-2028,2,2-analytic (proximity; commitments and priority objectives listed separately),Exceptional Care,"Implement a comprehensive workforce development program to help effectively manage health human resources — recruitment, retention, development, succession, diversity and active growth in staff size.",nf
592,NAPANEE_LENNOX_ADDINGTON,2025-12-02,Lennox and Addington County General Hospital (LACGH),2025-2028,2,2-analytic (proximity; commitments and priority objectives listed separately),Exceptional Care,"Advance health equity with Indigenous, economically disadvantaged, and vulnerable senior communities.",nf
592,NAPANEE_LENNOX_ADDINGTON,2025-12-02,Lennox and Addington County General Hospital (LACGH),2025-2028,2,2-analytic (proximity; commitments and priority objectives listed separately),Exceptional Care,"Supporting team-based primary care (“Health Homes”) across Lennox & Addington County by fostering strong interprofessional collaborations, providing access to specialized resources and expertise, and ensuring seamless communication with clear protocols for referrals and transitions of care.",nf
592,NAPANEE_LENNOX_ADDINGTON,2025-12-02,Lennox and Addington County General Hospital (LACGH),2025-2028,2,2-analytic (proximity; commitments and priority objectives listed separately),Exceptional Care,"Explore expansion of supportive living – an integrated model of housing and support services that enables individuals, including seniors and people with disabilities, to live independently while receiving assistance with daily activities.",nf
592,NAPANEE_LENNOX_ADDINGTON,2025-12-02,Lennox and Addington County General Hospital (LACGH),2025-2028,2,2-analytic (proximity; commitments and priority objectives listed separately),Trusted Relationships,"Reduce wait times for patients, especially for Emergency Department and Diagnostic Imaging services.",nf
592,NAPANEE_LENNOX_ADDINGTON,2025-12-02,Lennox and Addington County General Hospital (LACGH),2025-2028,2,2-analytic (proximity; commitments and priority objectives listed separately),Trusted Relationships,Advocate for more acute care and surgical services to provide immediate and comprehensive care for a variety of medical emergencies and illnesses that cannot be managed by primary or community care.,nf
592,NAPANEE_LENNOX_ADDINGTON,2025-12-02,Lennox and Addington County General Hospital (LACGH),2025-2028,2,2-analytic (proximity; commitments and priority objectives listed separately),Trusted Relationships,"Implement a comprehensive workforce development program to help effectively manage health human resources — recruitment, retention, development, succession, diversity and active growth in staff size.",nf
592,NAPANEE_LENNOX_ADDINGTON,2025-12-02,Lennox and Addington County General Hospital (LACGH),2025-2028,2,2-analytic (proximity; commitments and priority objectives listed separately),Trusted Relationships,"Advance health equity with Indigenous, economically disadvantaged, and vulnerable senior communities.",nf
592,NAPANEE_LENNOX_ADDINGTON,2025-12-02,Lennox and Addington County General Hospital (LACGH),2025-2028,2,2-analytic (proximity; commitments and priority objectives listed separately),Trusted Relationships,"Supporting team-based primary care (“Health Homes”) across Lennox & Addington County by fostering strong interprofessional collaborations, providing access to specialized resources and expertise, and ensuring seamless communication with clear protocols for referrals and transitions of care.",nf
592,NAPANEE_LENNOX_ADDINGTON,2025-12-02,Lennox and Addington County General Hospital (LACGH),2025-2028,2,2-analytic (proximity; commitments and priority objectives listed separately),Trusted Relationships,"Explore expansion of supportive living – an integrated model of housing and support services that enables individuals, including seniors and people with disabilities, to live independently while receiving assistance with daily activities.",nf
592,NAPANEE_LENNOX_ADDINGTON,2025-12-02,Lennox and Addington County General Hospital (LACGH),2025-2028,2,2-analytic (proximity; commitments and priority objectives listed separately),Relentless Communication,"Reduce wait times for patients, especially for Emergency Department and Diagnostic Imaging services.",nf
592,NAPANEE_LENNOX_ADDINGTON,2025-12-02,Lennox and Addington County General Hospital (LACGH),2025-2028,2,2-analytic (proximity; commitments and priority objectives listed separately),Relentless Communication,Advocate for more acute care and surgical services to provide immediate and comprehensive care for a variety of medical emergencies and illnesses that cannot be managed by primary or community care.,nf
592,NAPANEE_LENNOX_ADDINGTON,2025-12-02,Lennox and Addington County General Hospital (LACGH),2025-2028,2,2-analytic (proximity; commitments and priority objectives listed separately),Relentless Communication,"Implement a comprehensive workforce development program to help effectively manage health human resources — recruitment, retention, development, succession, diversity and active growth in staff size.",nf
592,NAPANEE_LENNOX_ADDINGTON,2025-12-02,Lennox and Addington County General Hospital (LACGH),2025-2028,2,2-analytic (proximity; commitments and priority objectives listed separately),Relentless Communication,"Advance health equity with Indigenous, economically disadvantaged, and vulnerable senior communities.",nf
592,NAPANEE_LENNOX_ADDINGTON,2025-12-02,Lennox and Addington County General Hospital (LACGH),2025-2028,2,2-analytic (proximity; commitments and priority objectives listed separately),Relentless Communication,"Supporting team-based primary care (“Health Homes”) across Lennox & Addington County by fostering strong interprofessional collaborations, providing access to specialized resources and expertise, and ensuring seamless communication with clear protocols for referrals and transitions of care.",nf
592,NAPANEE_LENNOX_ADDINGTON,2025-12-02,Lennox and Addington County General Hospital (LACGH),2025-2028,2,2-analytic (proximity; commitments and priority objectives listed separately),Relentless Communication,"Explore expansion of supportive living – an integrated model of housing and support services that enables individuals, including seniors and people with disabilities, to live independently while receiving assistance with daily activities.",nf
593,Middlesex_Hospital_Alliance_NEWBURY_FOUR_COUNTIES_HEALTH_SERV,2025-12-02,Middlesex Hospital Alliance,2024-nf,1,1-text-based,Advance the Clinical Strategy,nf,nf
593,Middlesex_Hospital_Alliance_NEWBURY_FOUR_COUNTIES_HEALTH_SERV,2025-12-02,Middlesex Hospital Alliance,2024-nf,1,1-text-based,"Engage, Support and inspire our people",nf,nf
593,Middlesex_Hospital_Alliance_NEWBURY_FOUR_COUNTIES_HEALTH_SERV,2025-12-02,Middlesex Hospital Alliance,2024-nf,1,1-text-based,Build New Ways,nf,nf
596,Alliston_Stevenson_Memorial_Hospital,2025-12-02,Stevenson Memorial Hospital,2023-2028,2,2-text-based,PEOPLE,"Creating a work environment that values and recognizes the contribution of every staff member in creating a positive patient care experience; creating and upholding a culture of continuous learning, focused on collaboration and teamwork.",nf
596,Alliston_Stevenson_Memorial_Hospital,2025-12-02,Stevenson Memorial Hospital,2023-2028,2,2-text-based,CARE,Keeping the patient at the center of every care discussion and decision; ensuring that patient values inform every aspect of delivery.,nf
596,Alliston_Stevenson_Memorial_Hospital,2025-12-02,Stevenson Memorial Hospital,2023-2028,2,2-text-based,PARTNERSHIPS,Working collaboratively with local and community health care providers to continue to develop our care network and availability to offer a seamless care experience for our patients.,nf
596,Alliston_Stevenson_Memorial_Hospital,2025-12-02,Stevenson Memorial Hospital,2023-2028,2,2-text-based,INVESTMENTS,"Operating appropriately within fiscal constraints to maximize investments in staff, equipment, infrastructure and improvement to provide high quality care for present and future patients.",nf
596,Alliston_Stevenson_Memorial_Hospital,2025-12-02,Stevenson Memorial Hospital,2023-2028,2,2-text-based,Strategic Priorities (apply to each pillar),"Achieve our pillars by continuing to seek out and utilize innovative approaches, from cutting edge equipment to finding new ways to anticipate and meet our patients’ needs, working closely with our staff to utilize every dollar available to offer excellent care, and developing new partnerships to build strong community coalitions.",nf
596,Alliston_Stevenson_Memorial_Hospital,2025-12-02,Stevenson Memorial Hospital,2023-2028,2,2-text-based,Strategic Priorities (apply to each pillar),"Collaborate with our staff, our peers, our local community, Ministry and Ontario Health Team to create the highest quality comprehensive care options for everyone in our community.",nf
596,Alliston_Stevenson_Memorial_Hospital,2025-12-02,Stevenson Memorial Hospital,2023-2028,2,2-text-based,Strategic Priorities (apply to each pillar),"Create communication channels to keep our patients, families, staff and local community informed about the direction at SMH, what is happening and where we are going.",nf
596,Alliston_Stevenson_Memorial_Hospital,2025-12-02,Stevenson Memorial Hospital,2023-2028,2,2-text-based,Strategic Priorities (apply to each pillar),"Put quality first, in every action, every day to continuously create an excellent care experience for each and every patient.",nf
597,ALMONTE_GENERAL,2025-12-02,Mississippi River Health Alliance,2023-2025,1,1-text-based,Compassionate Care,nf,nf
597,ALMONTE_GENERAL,2025-12-02,Mississippi River Health Alliance,2023-2025,1,1-text-based,Skilled Team,nf,nf
597,ALMONTE_GENERAL,2025-12-02,Mississippi River Health Alliance,2023-2025,1,1-text-based,Sustainable Organization,nf,nf
599,ARNPRIOR_DISTRICT_MEMORIAL,2025-12-02,Arnprior Regional Health,2023-2026,2,2-analytic (priorities list not explicitly mapped to each direction),PERSON CENTRED CARE,Explore collaborative opportunities for quality of care and service excellence within our community.,nf
599,ARNPRIOR_DISTRICT_MEMORIAL,2025-12-02,Arnprior Regional Health,2023-2026,2,2-analytic (priorities list not explicitly mapped to each direction),PERSON CENTRED CARE,Proactively respond to our community’s evolving needs through designing optimal care pathways for persons through OHT partnerships and alignment of service integration.,nf
599,ARNPRIOR_DISTRICT_MEMORIAL,2025-12-02,Arnprior Regional Health,2023-2026,2,2-analytic (priorities list not explicitly mapped to each direction),PERSON CENTRED CARE,"Continue maximizing the use of digital health technology to improve the quality of care our providers can deliver, and the seamlessness of our patient, resident, and client experience across our neighbouring healthcare organizations.",nf
599,ARNPRIOR_DISTRICT_MEMORIAL,2025-12-02,Arnprior Regional Health,2023-2026,2,2-analytic (priorities list not explicitly mapped to each direction),PERSON CENTRED CARE,Recruit and retain skilled and passionate healthcare team members who live our values and demonstrate a commitment to the people we serve across ARH.,nf
599,ARNPRIOR_DISTRICT_MEMORIAL,2025-12-02,Arnprior Regional Health,2023-2026,2,2-analytic (priorities list not explicitly mapped to each direction),PERSON CENTRED CARE,Build our people's capacity through targeted opportunities for professional and leadership development.,nf
599,ARNPRIOR_DISTRICT_MEMORIAL,2025-12-02,Arnprior Regional Health,2023-2026,2,2-analytic (priorities list not explicitly mapped to each direction),PERSON CENTRED CARE,"Link our people strategy to maintain a culture of mutual respect, compassion, recognition, and support our team’s safety, mental health, and wellness.",nf
599,ARNPRIOR_DISTRICT_MEMORIAL,2025-12-02,Arnprior Regional Health,2023-2026,2,2-analytic (priorities list not explicitly mapped to each direction),PERSON CENTRED CARE,"Co-design our physical infrastructure by engaging patients, resident, clients, and providers to maximize the experience we provide while efficiently addressing the future clinical, environmental and community needs.",nf
599,ARNPRIOR_DISTRICT_MEMORIAL,2025-12-02,Arnprior Regional Health,2023-2026,2,2-analytic (priorities list not explicitly mapped to each direction),PERSON CENTRED CARE,"Foster relationships to enhance patient, resident, client and family partnerships, improving the overall experience.",nf
599,ARNPRIOR_DISTRICT_MEMORIAL,2025-12-02,Arnprior Regional Health,2023-2026,2,2-analytic (priorities list not explicitly mapped to each direction),PERSON CENTRED CARE,"Strengthen linkages with the Ottawa West Four Rivers OHT, improving the overall population health with a focus on person centred care through enhanced experiences, reinvesting in care, and improving provider engagement.",nf
599,ARNPRIOR_DISTRICT_MEMORIAL,2025-12-02,Arnprior Regional Health,2023-2026,2,2-analytic (priorities list not explicitly mapped to each direction),PERSON CENTRED CARE,Creatively engage with the broader system to ensure we have the resourcing required to deliver on our ambitious plan.,nf
599,ARNPRIOR_DISTRICT_MEMORIAL,2025-12-02,Arnprior Regional Health,2023-2026,2,2-analytic (priorities list not explicitly mapped to each direction),PERSON CENTRED CARE,"Expand our reach by leveraging innovative care delivery models, emphasizing, accessibility, quality, and efficiency of care for our community.",nf
599,ARNPRIOR_DISTRICT_MEMORIAL,2025-12-02,Arnprior Regional Health,2023-2026,2,2-analytic (priorities list not explicitly mapped to each direction),PERSON CENTRED CARE,"Develop a culture founded in diversity, equity and inclusion that drives decision making, service delivery, leadership, and partnerships.",nf
599,ARNPRIOR_DISTRICT_MEMORIAL,2025-12-02,Arnprior Regional Health,2023-2026,2,2-analytic (priorities list not explicitly mapped to each direction),PERSON CENTRED CARE,Provide a master planning process to ensure we are meeting the current and future needs of our community with regards to capital infrastructure investment.,nf
599,ARNPRIOR_DISTRICT_MEMORIAL,2025-12-02,Arnprior Regional Health,2023-2026,2,2-analytic (priorities list not explicitly mapped to each direction),PERSON CENTRED CARE,"Enhance two-way engagement with our community, promoting responsiveness, mutual understanding, and collaboration.",nf
599,ARNPRIOR_DISTRICT_MEMORIAL,2025-12-02,Arnprior Regional Health,2023-2026,2,2-analytic (priorities list not explicitly mapped to each direction),OUR INFRASTRUCTURE,Explore collaborative opportunities for quality of care and service excellence within our community.,nf
599,ARNPRIOR_DISTRICT_MEMORIAL,2025-12-02,Arnprior Regional Health,2023-2026,2,2-analytic (priorities list not explicitly mapped to each direction),OUR INFRASTRUCTURE,Proactively respond to our community’s evolving needs through designing optimal care pathways for persons through OHT partnerships and alignment of service integration.,nf
599,ARNPRIOR_DISTRICT_MEMORIAL,2025-12-02,Arnprior Regional Health,2023-2026,2,2-analytic (priorities list not explicitly mapped to each direction),OUR INFRASTRUCTURE,"Continue maximizing the use of digital health technology to improve the quality of care our providers can deliver, and the seamlessness of our patient, resident, and client experience across our neighbouring healthcare organizations.",nf
599,ARNPRIOR_DISTRICT_MEMORIAL,2025-12-02,Arnprior Regional Health,2023-2026,2,2-analytic (priorities list not explicitly mapped to each direction),OUR INFRASTRUCTURE,Recruit and retain skilled and passionate healthcare team members who live our values and demonstrate a commitment to the people we serve across ARH.,nf
599,ARNPRIOR_DISTRICT_MEMORIAL,2025-12-02,Arnprior Regional Health,2023-2026,2,2-analytic (priorities list not explicitly mapped to each direction),OUR INFRASTRUCTURE,Build our people's capacity through targeted opportunities for professional and leadership development.,nf
599,ARNPRIOR_DISTRICT_MEMORIAL,2025-12-02,Arnprior Regional Health,2023-2026,2,2-analytic (priorities list not explicitly mapped to each direction),OUR INFRASTRUCTURE,"Link our people strategy to maintain a culture of mutual respect, compassion, recognition, and support our team’s safety, mental health, and wellness.",nf
599,ARNPRIOR_DISTRICT_MEMORIAL,2025-12-02,Arnprior Regional Health,2023-2026,2,2-analytic (priorities list not explicitly mapped to each direction),OUR INFRASTRUCTURE,"Co-design our physical infrastructure by engaging patients, resident, clients, and providers to maximize the experience we provide while efficiently addressing the future clinical, environmental and community needs.",nf
599,ARNPRIOR_DISTRICT_MEMORIAL,2025-12-02,Arnprior Regional Health,2023-2026,2,2-analytic (priorities list not explicitly mapped to each direction),OUR INFRASTRUCTURE,"Foster relationships to enhance patient, resident, client and family partnerships, improving the overall experience.",nf
599,ARNPRIOR_DISTRICT_MEMORIAL,2025-12-02,Arnprior Regional Health,2023-2026,2,2-analytic (priorities list not explicitly mapped to each direction),OUR INFRASTRUCTURE,"Strengthen linkages with the Ottawa West Four Rivers OHT, improving the overall population health with a focus on person centred care through enhanced experiences, reinvesting in care, and improving provider engagement.",nf
599,ARNPRIOR_DISTRICT_MEMORIAL,2025-12-02,Arnprior Regional Health,2023-2026,2,2-analytic (priorities list not explicitly mapped to each direction),OUR INFRASTRUCTURE,Creatively engage with the broader system to ensure we have the resourcing required to deliver on our ambitious plan.,nf
599,ARNPRIOR_DISTRICT_MEMORIAL,2025-12-02,Arnprior Regional Health,2023-2026,2,2-analytic (priorities list not explicitly mapped to each direction),OUR INFRASTRUCTURE,"Expand our reach by leveraging innovative care delivery models, emphasizing, accessibility, quality, and efficiency of care for our community.",nf
599,ARNPRIOR_DISTRICT_MEMORIAL,2025-12-02,Arnprior Regional Health,2023-2026,2,2-analytic (priorities list not explicitly mapped to each direction),OUR INFRASTRUCTURE,"Develop a culture founded in diversity, equity and inclusion that drives decision making, service delivery, leadership, and partnerships.",nf
599,ARNPRIOR_DISTRICT_MEMORIAL,2025-12-02,Arnprior Regional Health,2023-2026,2,2-analytic (priorities list not explicitly mapped to each direction),OUR INFRASTRUCTURE,Provide a master planning process to ensure we are meeting the current and future needs of our community with regards to capital infrastructure investment.,nf
599,ARNPRIOR_DISTRICT_MEMORIAL,2025-12-02,Arnprior Regional Health,2023-2026,2,2-analytic (priorities list not explicitly mapped to each direction),OUR INFRASTRUCTURE,"Enhance two-way engagement with our community, promoting responsiveness, mutual understanding, and collaboration.",nf
599,ARNPRIOR_DISTRICT_MEMORIAL,2025-12-02,Arnprior Regional Health,2023-2026,2,2-analytic (priorities list not explicitly mapped to each direction),OUR PARTNERS,Explore collaborative opportunities for quality of care and service excellence within our community.,nf
599,ARNPRIOR_DISTRICT_MEMORIAL,2025-12-02,Arnprior Regional Health,2023-2026,2,2-analytic (priorities list not explicitly mapped to each direction),OUR PARTNERS,Proactively respond to our community’s evolving needs through designing optimal care pathways for persons through OHT partnerships and alignment of service integration.,nf
599,ARNPRIOR_DISTRICT_MEMORIAL,2025-12-02,Arnprior Regional Health,2023-2026,2,2-analytic (priorities list not explicitly mapped to each direction),OUR PARTNERS,"Continue maximizing the use of digital health technology to improve the quality of care our providers can deliver, and the seamlessness of our patient, resident, and client experience across our neighbouring healthcare organizations.",nf
599,ARNPRIOR_DISTRICT_MEMORIAL,2025-12-02,Arnprior Regional Health,2023-2026,2,2-analytic (priorities list not explicitly mapped to each direction),OUR PARTNERS,Recruit and retain skilled and passionate healthcare team members who live our values and demonstrate a commitment to the people we serve across ARH.,nf
599,ARNPRIOR_DISTRICT_MEMORIAL,2025-12-02,Arnprior Regional Health,2023-2026,2,2-analytic (priorities list not explicitly mapped to each direction),OUR PARTNERS,Build our people's capacity through targeted opportunities for professional and leadership development.,nf
599,ARNPRIOR_DISTRICT_MEMORIAL,2025-12-02,Arnprior Regional Health,2023-2026,2,2-analytic (priorities list not explicitly mapped to each direction),OUR PARTNERS,"Link our people strategy to maintain a culture of mutual respect, compassion, recognition, and support our team’s safety, mental health, and wellness.",nf
599,ARNPRIOR_DISTRICT_MEMORIAL,2025-12-02,Arnprior Regional Health,2023-2026,2,2-analytic (priorities list not explicitly mapped to each direction),OUR PARTNERS,"Co-design our physical infrastructure by engaging patients, resident, clients, and providers to maximize the experience we provide while efficiently addressing the future clinical, environmental and community needs.",nf
599,ARNPRIOR_DISTRICT_MEMORIAL,2025-12-02,Arnprior Regional Health,2023-2026,2,2-analytic (priorities list not explicitly mapped to each direction),OUR PARTNERS,"Foster relationships to enhance patient, resident, client and family partnerships, improving the overall experience.",nf
599,ARNPRIOR_DISTRICT_MEMORIAL,2025-12-02,Arnprior Regional Health,2023-2026,2,2-analytic (priorities list not explicitly mapped to each direction),OUR PARTNERS,"Strengthen linkages with the Ottawa West Four Rivers OHT, improving the overall population health with a focus on person centred care through enhanced experiences, reinvesting in care, and improving provider engagement.",nf
599,ARNPRIOR_DISTRICT_MEMORIAL,2025-12-02,Arnprior Regional Health,2023-2026,2,2-analytic (priorities list not explicitly mapped to each direction),OUR PARTNERS,Creatively engage with the broader system to ensure we have the resourcing required to deliver on our ambitious plan.,nf
599,ARNPRIOR_DISTRICT_MEMORIAL,2025-12-02,Arnprior Regional Health,2023-2026,2,2-analytic (priorities list not explicitly mapped to each direction),OUR PARTNERS,"Expand our reach by leveraging innovative care delivery models, emphasizing, accessibility, quality, and efficiency of care for our community.",nf
599,ARNPRIOR_DISTRICT_MEMORIAL,2025-12-02,Arnprior Regional Health,2023-2026,2,2-analytic (priorities list not explicitly mapped to each direction),OUR PARTNERS,"Develop a culture founded in diversity, equity and inclusion that drives decision making, service delivery, leadership, and partnerships.",nf
599,ARNPRIOR_DISTRICT_MEMORIAL,2025-12-02,Arnprior Regional Health,2023-2026,2,2-analytic (priorities list not explicitly mapped to each direction),OUR PARTNERS,Provide a master planning process to ensure we are meeting the current and future needs of our community with regards to capital infrastructure investment.,nf
599,ARNPRIOR_DISTRICT_MEMORIAL,2025-12-02,Arnprior Regional Health,2023-2026,2,2-analytic (priorities list not explicitly mapped to each direction),OUR PARTNERS,"Enhance two-way engagement with our community, promoting responsiveness, mutual understanding, and collaboration.",nf
599,ARNPRIOR_DISTRICT_MEMORIAL,2025-12-02,Arnprior Regional Health,2023-2026,2,2-analytic (priorities list not explicitly mapped to each direction),FINANCIAL STEWARDSHIP,Explore collaborative opportunities for quality of care and service excellence within our community.,nf
599,ARNPRIOR_DISTRICT_MEMORIAL,2025-12-02,Arnprior Regional Health,2023-2026,2,2-analytic (priorities list not explicitly mapped to each direction),FINANCIAL STEWARDSHIP,Proactively respond to our community’s evolving needs through designing optimal care pathways for persons through OHT partnerships and alignment of service integration.,nf
599,ARNPRIOR_DISTRICT_MEMORIAL,2025-12-02,Arnprior Regional Health,2023-2026,2,2-analytic (priorities list not explicitly mapped to each direction),FINANCIAL STEWARDSHIP,"Continue maximizing the use of digital health technology to improve the quality of care our providers can deliver, and the seamlessness of our patient, resident, and client experience across our neighbouring healthcare organizations.",nf
599,ARNPRIOR_DISTRICT_MEMORIAL,2025-12-02,Arnprior Regional Health,2023-2026,2,2-analytic (priorities list not explicitly mapped to each direction),FINANCIAL STEWARDSHIP,Recruit and retain skilled and passionate healthcare team members who live our values and demonstrate a commitment to the people we serve across ARH.,nf
599,ARNPRIOR_DISTRICT_MEMORIAL,2025-12-02,Arnprior Regional Health,2023-2026,2,2-analytic (priorities list not explicitly mapped to each direction),FINANCIAL STEWARDSHIP,Build our people's capacity through targeted opportunities for professional and leadership development.,nf
599,ARNPRIOR_DISTRICT_MEMORIAL,2025-12-02,Arnprior Regional Health,2023-2026,2,2-analytic (priorities list not explicitly mapped to each direction),FINANCIAL STEWARDSHIP,"Link our people strategy to maintain a culture of mutual respect, compassion, recognition, and support our team’s safety, mental health, and wellness.",nf
599,ARNPRIOR_DISTRICT_MEMORIAL,2025-12-02,Arnprior Regional Health,2023-2026,2,2-analytic (priorities list not explicitly mapped to each direction),FINANCIAL STEWARDSHIP,"Co-design our physical infrastructure by engaging patients, resident, clients, and providers to maximize the experience we provide while efficiently addressing the future clinical, environmental and community needs.",nf
599,ARNPRIOR_DISTRICT_MEMORIAL,2025-12-02,Arnprior Regional Health,2023-2026,2,2-analytic (priorities list not explicitly mapped to each direction),FINANCIAL STEWARDSHIP,"Foster relationships to enhance patient, resident, client and family partnerships, improving the overall experience.",nf
599,ARNPRIOR_DISTRICT_MEMORIAL,2025-12-02,Arnprior Regional Health,2023-2026,2,2-analytic (priorities list not explicitly mapped to each direction),FINANCIAL STEWARDSHIP,"Strengthen linkages with the Ottawa West Four Rivers OHT, improving the overall population health with a focus on person centred care through enhanced experiences, reinvesting in care, and improving provider engagement.",nf
599,ARNPRIOR_DISTRICT_MEMORIAL,2025-12-02,Arnprior Regional Health,2023-2026,2,2-analytic (priorities list not explicitly mapped to each direction),FINANCIAL STEWARDSHIP,Creatively engage with the broader system to ensure we have the resourcing required to deliver on our ambitious plan.,nf
599,ARNPRIOR_DISTRICT_MEMORIAL,2025-12-02,Arnprior Regional Health,2023-2026,2,2-analytic (priorities list not explicitly mapped to each direction),FINANCIAL STEWARDSHIP,"Expand our reach by leveraging innovative care delivery models, emphasizing, accessibility, quality, and efficiency of care for our community.",nf
599,ARNPRIOR_DISTRICT_MEMORIAL,2025-12-02,Arnprior Regional Health,2023-2026,2,2-analytic (priorities list not explicitly mapped to each direction),FINANCIAL STEWARDSHIP,"Develop a culture founded in diversity, equity and inclusion that drives decision making, service delivery, leadership, and partnerships.",nf
599,ARNPRIOR_DISTRICT_MEMORIAL,2025-12-02,Arnprior Regional Health,2023-2026,2,2-analytic (priorities list not explicitly mapped to each direction),FINANCIAL STEWARDSHIP,Provide a master planning process to ensure we are meeting the current and future needs of our community with regards to capital infrastructure investment.,nf
599,ARNPRIOR_DISTRICT_MEMORIAL,2025-12-02,Arnprior Regional Health,2023-2026,2,2-analytic (priorities list not explicitly mapped to each direction),FINANCIAL STEWARDSHIP,"Enhance two-way engagement with our community, promoting responsiveness, mutual understanding, and collaboration.",nf
599,ARNPRIOR_DISTRICT_MEMORIAL,2025-12-02,Arnprior Regional Health,2023-2026,2,2-analytic (priorities list not explicitly mapped to each direction),OUR PEOPLE,Explore collaborative opportunities for quality of care and service excellence within our community.,nf
599,ARNPRIOR_DISTRICT_MEMORIAL,2025-12-02,Arnprior Regional Health,2023-2026,2,2-analytic (priorities list not explicitly mapped to each direction),OUR PEOPLE,Proactively respond to our community’s evolving needs through designing optimal care pathways for persons through OHT partnerships and alignment of service integration.,nf
599,ARNPRIOR_DISTRICT_MEMORIAL,2025-12-02,Arnprior Regional Health,2023-2026,2,2-analytic (priorities list not explicitly mapped to each direction),OUR PEOPLE,"Continue maximizing the use of digital health technology to improve the quality of care our providers can deliver, and the seamlessness of our patient, resident, and client experience across our neighbouring healthcare organizations.",nf
599,ARNPRIOR_DISTRICT_MEMORIAL,2025-12-02,Arnprior Regional Health,2023-2026,2,2-analytic (priorities list not explicitly mapped to each direction),OUR PEOPLE,Recruit and retain skilled and passionate healthcare team members who live our values and demonstrate a commitment to the people we serve across ARH.,nf
599,ARNPRIOR_DISTRICT_MEMORIAL,2025-12-02,Arnprior Regional Health,2023-2026,2,2-analytic (priorities list not explicitly mapped to each direction),OUR PEOPLE,Build our people's capacity through targeted opportunities for professional and leadership development.,nf
599,ARNPRIOR_DISTRICT_MEMORIAL,2025-12-02,Arnprior Regional Health,2023-2026,2,2-analytic (priorities list not explicitly mapped to each direction),OUR PEOPLE,"Link our people strategy to maintain a culture of mutual respect, compassion, recognition, and support our team’s safety, mental health, and wellness.",nf
599,ARNPRIOR_DISTRICT_MEMORIAL,2025-12-02,Arnprior Regional Health,2023-2026,2,2-analytic (priorities list not explicitly mapped to each direction),OUR PEOPLE,"Co-design our physical infrastructure by engaging patients, resident, clients, and providers to maximize the experience we provide while efficiently addressing the future clinical, environmental and community needs.",nf
599,ARNPRIOR_DISTRICT_MEMORIAL,2025-12-02,Arnprior Regional Health,2023-2026,2,2-analytic (priorities list not explicitly mapped to each direction),OUR PEOPLE,"Foster relationships to enhance patient, resident, client and family partnerships, improving the overall experience.",nf
599,ARNPRIOR_DISTRICT_MEMORIAL,2025-12-02,Arnprior Regional Health,2023-2026,2,2-analytic (priorities list not explicitly mapped to each direction),OUR PEOPLE,"Strengthen linkages with the Ottawa West Four Rivers OHT, improving the overall population health with a focus on person centred care through enhanced experiences, reinvesting in care, and improving provider engagement.",nf
599,ARNPRIOR_DISTRICT_MEMORIAL,2025-12-02,Arnprior Regional Health,2023-2026,2,2-analytic (priorities list not explicitly mapped to each direction),OUR PEOPLE,Creatively engage with the broader system to ensure we have the resourcing required to deliver on our ambitious plan.,nf
599,ARNPRIOR_DISTRICT_MEMORIAL,2025-12-02,Arnprior Regional Health,2023-2026,2,2-analytic (priorities list not explicitly mapped to each direction),OUR PEOPLE,"Expand our reach by leveraging innovative care delivery models, emphasizing, accessibility, quality, and efficiency of care for our community.",nf
599,ARNPRIOR_DISTRICT_MEMORIAL,2025-12-02,Arnprior Regional Health,2023-2026,2,2-analytic (priorities list not explicitly mapped to each direction),OUR PEOPLE,"Develop a culture founded in diversity, equity and inclusion that drives decision making, service delivery, leadership, and partnerships.",nf
599,ARNPRIOR_DISTRICT_MEMORIAL,2025-12-02,Arnprior Regional Health,2023-2026,2,2-analytic (priorities list not explicitly mapped to each direction),OUR PEOPLE,Provide a master planning process to ensure we are meeting the current and future needs of our community with regards to capital infrastructure investment.,nf
599,ARNPRIOR_DISTRICT_MEMORIAL,2025-12-02,Arnprior Regional Health,2023-2026,2,2-analytic (priorities list not explicitly mapped to each direction),OUR PEOPLE,"Enhance two-way engagement with our community, promoting responsiveness, mutual understanding, and collaboration.",nf
606,BARRIE_ROYAL_VICTORIA_REG_HC,2025-12-02,Royal Victoria Regional Health Centre,2024-2034,1,1-text-based,Make exceptional patient and family experiences,nf,nf
606,BARRIE_ROYAL_VICTORIA_REG_HC,2025-12-02,Royal Victoria Regional Health Centre,2024-2034,1,1-text-based,Drive clinical and academic excellence,nf,nf
606,BARRIE_ROYAL_VICTORIA_REG_HC,2025-12-02,Royal Victoria Regional Health Centre,2024-2034,1,1-text-based,"Cultivate fulfilled, high-performing teams",nf,nf
611,BLIND_RIVER_NORTH_SHORE_HN,2025-12-02,Blind River District Health Centre and North Shore Health Network,nf,1,1-text-based,Stabilize and Improve,nf,nf
611,BLIND_RIVER_NORTH_SHORE_HN,2025-12-02,Blind River District Health Centre and North Shore Health Network,nf,1,1-text-based,Growing Stronger,nf,nf
619,BROCKVILLE_GENERAL,2025-12-02,Brockville General Hospital,nf,2,2-text-based,Healthcare experience,"Safe, trusted, and quality healthcare; where and when patients need it.",nf
619,BROCKVILLE_GENERAL,2025-12-02,Brockville General Hospital,nf,2,2-text-based,Healthcare experience,Enhance our patient and family centered culture.,nf
619,BROCKVILLE_GENERAL,2025-12-02,Brockville General Hospital,nf,2,2-text-based,Healthcare experience,Improve access to care.,nf
619,BROCKVILLE_GENERAL,2025-12-02,Brockville General Hospital,nf,2,2-text-based,Healthcare experience,Ensure safe and effective transitions.,nf
619,BROCKVILLE_GENERAL,2025-12-02,Brockville General Hospital,nf,2,2-text-based,Healthcare experience,Implement evidence-based practices.,nf
619,BROCKVILLE_GENERAL,2025-12-02,Brockville General Hospital,nf,2,2-text-based,Partnerships,Collaborate to meet the needs of our community.,nf
619,BROCKVILLE_GENERAL,2025-12-02,Brockville General Hospital,nf,2,2-text-based,Partnerships,Seek opportunities to better integrate care.,nf
619,BROCKVILLE_GENERAL,2025-12-02,Brockville General Hospital,nf,2,2-text-based,Partnerships,Foster shared leadership with our partners.,nf
619,BROCKVILLE_GENERAL,2025-12-02,Brockville General Hospital,nf,2,2-text-based,Partnerships,Honour our role in sustaining a healthy community.,nf
619,BROCKVILLE_GENERAL,2025-12-02,Brockville General Hospital,nf,2,2-text-based,Team well-being,Invest in our people to be the best at what we do.,nf
619,BROCKVILLE_GENERAL,2025-12-02,Brockville General Hospital,nf,2,2-text-based,Team well-being,"Ensure a safe, healthy, positive, and professional work culture.",nf
619,BROCKVILLE_GENERAL,2025-12-02,Brockville General Hospital,nf,2,2-text-based,Team well-being,Inspire and empower our people.,nf
619,BROCKVILLE_GENERAL,2025-12-02,Brockville General Hospital,nf,2,2-text-based,Team well-being,Sustain a highly qualified healthcare workforce.,nf
619,BROCKVILLE_GENERAL,2025-12-02,Brockville General Hospital,nf,2,2-text-based,Team well-being,"Create a culture of equity, diversity, inclusion, and accessibility.",nf
619,BROCKVILLE_GENERAL,2025-12-02,Brockville General Hospital,nf,2,2-text-based,Resource sustainability and growth,"Delivery of safe, quality care through smart resource use.",nf
619,BROCKVILLE_GENERAL,2025-12-02,Brockville General Hospital,nf,2,2-text-based,Resource sustainability and growth,"Strengthen our current technological, physical, and equipment infrastructure.",nf
619,BROCKVILLE_GENERAL,2025-12-02,Brockville General Hospital,nf,2,2-text-based,Resource sustainability and growth,Improve information systems to support decision-making and patient care.,nf
619,BROCKVILLE_GENERAL,2025-12-02,Brockville General Hospital,nf,2,2-text-based,Resource sustainability and growth,Modernize and expand to meet future needs of our community.,nf
619,BROCKVILLE_GENERAL,2025-12-02,Brockville General Hospital,nf,2,2-text-based,Resource sustainability and growth,Streamline to preserve our health human resources.,nf
624,Campbellford_Memorial_Hospital,2025-12-02,Campbellford Memorial Hospital,nf,1,1-text-based (priorities referenced but not listed in PDF text),nf,nf,nf
626,MRHA_CARLETON_PLACE_DISTRICT,2025-12-02,Mississippi River Health Alliance,2023-2025,1,1-text-based,Stabilize and Improve,nf,nf
626,MRHA_CARLETON_PLACE_DISTRICT,2025-12-02,Mississippi River Health Alliance,2023-2025,1,1-text-based,Growing Stronger,nf,nf
